{
	"info": {
		"_postman_id": "c183867a-ca14-42c0-97de-173eb9a8754e",
		"name": "microservice-rbac-user-management",
		"schema": "https://schema.getpostman.com/json/collection/v2.1.0/collection.json"
	},
	"item": [
		{
			"name": "get single user",
			"request": {
				"method": "GET",
				"header": [],
				"url": {
					"raw": "localhost:8090/users/1",
					"host": [
						"localhost"
					],
					"port": "8090",
					"path": [
						"users",
						"1"
					]
				}
			},
			"response": []
		},
		{
			"name": "get user list",
			"request": {
				"auth": {
					"type": "noauth"
				},
				"method": "GET",
				"header": [],
				"url": {
					"raw": "localhost:8090/users",
					"host": [
						"localhost"
					],
					"port": "8090",
					"path": [
						"users"
					]
				}
			},
			"response": []
		},
		{
			"name": "login",
			"request": {
				"method": "POST",
				"header": [],
				"body": {
					"mode": "raw",
					"raw": "{\n\t\"username\" : \"andrea\",\n\t\"password\" : \"Test!123\"\n}",
					"options": {
						"raw": {
							"language": "json"
						}
					}
				},
				"url": {
					"raw": "localhost:8090/login",
					"host": [
						"localhost"
					],
					"port": "8090",
					"path": [
						"login"
					]
				}
			},
			"response": []
		},
		{
			"name": "create user",
			"request": {
				"method": "POST",
				"header": [
					{
						"key": "Content-Type",
						"name": "Content-Type",
						"value": "application/json",
						"type": "text"
					}
				],
				"body": {
					"mode": "raw",
					"raw": "{\n    \"username\": \"john\",\n    \"password\": \"Test!123\",\n    \"name\": \"John\",\n    \"surname\": \"Green\",\n    \"email\": \"john.green@gmail.com\",\n    \"enabled\": true,\n    \"gender\": \"MALE\",\n    \"birthDate\": \"1954-12-01\",\n    \"phone\" : \"+35322442266\",\n    \"note\" : \"This is mr John\"\n}",
					"options": {
						"raw": {
							"language": "json"
						}
					}
				},
				"url": {
					"raw": "localhost:8090/users",
					"host": [
						"localhost"
					],
					"port": "8090",
					"path": [
						"users"
					]
				}
			},
			"response": []
		},
		{
			"name": "register user",
			"request": {
				"method": "POST",
				"header": [
					{
						"key": "Content-Type",
						"name": "Content-Type",
						"type": "text",
						"value": "application/json"
					}
				],
				"body": {
					"mode": "raw",
					"raw": "{\n    \"username\": \"john2\",\n    \"password\": \"John2!123\",\n    \"name\": \"John\",\n    \"surname\": \"Green\",\n    \"email\": \"john2@gmail.com\",\n    \"gender\": \"MALE\"\n}",
					"options": {
						"raw": {
							"language": "json"
						}
					}
				},
				"url": {
					"raw": "localhost:8090/users/register",
					"host": [
						"localhost"
					],
					"port": "8090",
					"path": [
						"users",
						"register"
					]
				}
			},
			"response": []
		},
		{
			"name": "update user",
			"request": {
				"method": "PUT",
				"header": [
					{
						"key": "Content-Type",
						"name": "Content-Type",
						"type": "text",
						"value": "application/json"
					}
				],
				"body": {
					"mode": "raw",
					"raw": "{\n    \"id\": \"1\",\n    \"username\": \"andrea\",\n    \"password\": \"Test!123\",\n    \"name\": \"Andrea\",\n    \"surname\": \"Giassi\",\n    \"email\": \"test@gmail.com\",\n    \"enabled\": \"true\",\n    \"gender\": \"MALE\",\n    \"birthDate\": \"1977-08-14\",\n    \"phone\" : \"+35311442266\",\n    \"note\" : \"changed phone and email for test\",\n    \"address\": \"Via rimini 79\",\n    \"city\": \"Florence\",\n    \"country\": \"Italy\",\n    \"zipCode\": \"50100\",\n    \"skype\": \"andreaSkype\"\n}",
					"options": {
						"raw": {
							"language": "json"
						}
					}
				},
				"url": {
					"raw": "localhost:8090/users/1",
					"host": [
						"localhost"
					],
					"port": "8090",
					"path": [
						"users",
						"1"
					]
				}
			},
			"response": []
		},
		{
			"name": "delete user",
			"request": {
				"method": "DELETE",
				"header": [],
				"url": {
					"raw": "localhost:8090/users/4",
					"host": [
						"localhost"
					],
					"port": "8090",
					"path": [
						"users",
						"4"
					]
				}
			},
			"response": []
		},
		{
			"name": "add role on user",
			"request": {
				"method": "POST",
				"header": [
					{
						"key": "Content-Type",
						"name": "Content-Type",
						"type": "text",
						"value": "application/json"
					}
				],
				"body": {
					"mode": "raw",
					"raw": "",
					"options": {
						"raw": {
							"language": "json"
						}
					}
				},
				"url": {
					"raw": "localhost:8090/users/2/roles/2",
					"host": [
						"localhost"
					],
					"port": "8090",
					"path": [
						"users",
						"2",
						"roles",
						"2"
					]
				}
			},
			"response": []
		},
		{
			"name": "remove role on user",
			"request": {
				"method": "DELETE",
				"header": [
					{
						"key": "Content-Type",
						"name": "Content-Type",
						"type": "text",
						"value": "application/json"
					}
				],
				"body": {
					"mode": "raw",
					"raw": "",
					"options": {
						"raw": {
							"language": "json"
						}
					}
				},
				"url": {
					"raw": "localhost:8090/users/2/roles/2",
					"host": [
						"localhost"
					],
					"port": "8090",
					"path": [
						"users",
						"2",
						"roles",
						"2"
					]
				}
			},
			"response": []
		},
		{
			"name": "rbac - get permissions",
			"request": {
				"auth": {
					"type": "noauth"
				},
				"method": "GET",
				"header": [],
				"url": {
					"raw": "localhost:8090/users/rbac/permissions",
					"host": [
						"localhost"
					],
					"port": "8090",
					"path": [
						"users",
						"rbac",
						"permissions"
					]
				}
			},
			"response": []
		},
		{
			"name": "rbac - get roles",
			"request": {
				"auth": {
					"type": "noauth"
				},
				"method": "GET",
				"header": [],
				"url": {
					"raw": "localhost:8090/users/rbac/roles",
					"host": [
						"localhost"
					],
					"port": "8090",
					"path": [
						"users",
						"rbac",
						"roles"
					]
				}
			},
			"response": []
		},
		{
			"name": "rbac - create role",
			"request": {
				"method": "POST",
				"header": [
					{
						"key": "Content-Type",
						"name": "Content-Type",
						"type": "text",
						"value": "application/json"
					}
				],
				"body": {
					"mode": "raw",
					"raw": "{\n    \"role\": \"TEST_ROLE\"\n}",
					"options": {
						"raw": {
							"language": "json"
						}
					}
				},
				"url": {
					"raw": "localhost:8090/users/rbac/roles",
					"host": [
						"localhost"
					],
					"port": "8090",
					"path": [
						"users",
						"rbac",
						"roles"
					]
				}
			},
			"response": []
		},
		{
			"name": "rbac - get roles by Id",
			"request": {
				"auth": {
					"type": "noauth"
				},
				"method": "GET",
				"header": [],
				"url": {
					"raw": "localhost:8090/users/rbac/roles/1",
					"host": [
						"localhost"
					],
					"port": "8090",
					"path": [
						"users",
						"rbac",
						"roles",
						"1"
					]
				}
			},
			"response": []
		},
		{
			"name": "rbac - delete roles by Id",
			"request": {
				"auth": {
					"type": "noauth"
				},
				"method": "DELETE",
				"header": [],
				"url": {
					"raw": "localhost:8090/users/rbac/roles/1",
					"host": [
						"localhost"
					],
					"port": "8090",
					"path": [
						"users",
						"rbac",
						"roles",
						"1"
					]
				}
			},
			"response": []
		},
		{
			"name": "rbac - add permission on role",
			"request": {
				"method": "POST",
				"header": [
					{
						"key": "Content-Type",
						"name": "Content-Type",
						"type": "text",
						"value": "application/json"
					}
				],
				"body": {
					"mode": "raw",
					"raw": "{\n    \"role\": \"TEST_ROLE\"\n}",
					"options": {
						"raw": {
							"language": "json"
						}
					}
				},
				"url": {
					"raw": "localhost:8090/users/rbac/roles/1/permissions/VIEW_CUSTOMER_LIST",
					"host": [
						"localhost"
					],
					"port": "8090",
					"path": [
						"users",
						"rbac",
						"roles",
						"1",
						"permissions",
						"VIEW_CUSTOMER_LIST"
					]
				}
			},
			"response": []
		},
		{
			"name": "rbac - remove permission on role",
			"request": {
				"method": "DELETE",
				"header": [
					{
						"key": "Content-Type",
						"name": "Content-Type",
						"type": "text",
						"value": "application/json"
					}
				],
				"body": {
					"mode": "raw",
					"raw": "{\n    \"role\": \"TEST_ROLE\"\n}",
					"options": {
						"raw": {
							"language": "json"
						}
					}
				},
				"url": {
					"raw": "localhost:8090/users/rbac/roles/1/permissions/VIEW_CUSTOMER_LIST",
					"host": [
						"localhost"
					],
					"port": "8090",
					"path": [
						"users",
						"rbac",
						"roles",
						"1",
						"permissions",
						"VIEW_CUSTOMER_LIST"
					]
				}
			},
			"response": []
		},
		{
			"name": "rbac - create permission",
			"request": {
				"auth": {
					"type": "noauth"
				},
				"method": "POST",
				"header": [
					{
						"key": "Content-Type",
						"value": "application/json",
						"type": "text"
					}
				],
				"body": {
					"mode": "raw",
					"raw": "{\n  \"enabled\": true,\n  \"note\": \"New permission test\",\n  \"permission\": \"NEW_UPLOAD\"\n}"
				},
				"url": {
					"raw": "localhost:8090/users/rbac/permissions",
					"host": [
						"localhost"
					],
					"port": "8090",
					"path": [
						"users",
						"rbac",
						"permissions"
					]
				}
			},
			"response": []
		},
		{
			"name": "rbac - update permission",
			"request": {
				"auth": {
					"type": "noauth"
				},
				"method": "PUT",
				"header": [
					{
						"key": "Content-Type",
						"value": "application/json",
						"type": "text"
					}
				],
				"body": {
					"mode": "raw",
					"raw": "{\n  \"id\" : 5,\n  \"enabled\": false,\n  \"note\": \"Upload disable due to new changes\",\n  \"permission\": \"NEW_UPLOAD\"\n}"
				},
				"url": {
					"raw": "localhost:8090/users/rbac/permissions",
					"host": [
						"localhost"
					],
					"port": "8090",
					"path": [
						"users",
						"rbac",
						"permissions"
					]
				}
			},
			"response": []
		},
		{
			"name": "rbac - get permission by Key",
			"protocolProfileBehavior": {
				"disableBodyPruning": true
			},
			"request": {
				"auth": {
					"type": "noauth"
				},
				"method": "GET",
				"header": [
					{
						"key": "Content-Type",
						"value": "application/json",
						"type": "text"
					}
				],
				"body": {
					"mode": "raw",
					"raw": "{\n  \"id\" : 5,\n  \"enabled\": false,\n  \"note\": \"Upload disable due to new changes\",\n  \"permission\": \"NEW_UPLOAD\"\n}"
				},
				"url": {
					"raw": "localhost:8090/users/rbac/permissions/LOGIN",
					"host": [
						"localhost"
					],
					"port": "8090",
					"path": [
						"users",
						"rbac",
						"permissions",
						"LOGIN"
					]
				}
			},
			"response": []
		},
		{
			"name": "rbac - delete permission by Key",
			"request": {
				"auth": {
					"type": "noauth"
				},
				"method": "DELETE",
				"header": [
					{
						"key": "Content-Type",
						"type": "text",
						"value": "application/json"
					}
				],
				"body": {
					"mode": "raw",
					"raw": "{\n  \"id\" : 5,\n  \"enabled\": false,\n  \"note\": \"Upload disable due to new changes\",\n  \"permission\": \"NEW_UPLOAD\"\n}"
				},
				"url": {
					"raw": "localhost:8090/users/rbac/permissions/NEW_UPLOAD",
					"host": [
						"localhost"
					],
					"port": "8090",
					"path": [
						"users",
						"rbac",
						"permissions",
						"NEW_UPLOAD"
					]
				}
			},
			"response": []
		},
		{
			"name": "rbac - generate salt",
			"request": {
				"method": "GET",
				"header": [],
				"url": {
					"raw": "localhost:8090/users/rbac/salt",
					"host": [
						"localhost"
					],
					"port": "8090",
					"path": [
						"users",
						"rbac",
						"salt"
					]
				}
			},
			"response": []
		}
	],
	"event": [
		{
			"listen": "prerequest",
			"script": {
				"id": "a03b5b9a-3989-4dab-befd-9dab432bc938",
				"type": "text/javascript",
				"exec": [
					""
				]
			}
		},
		{
			"listen": "test",
			"script": {
				"id": "e51fd2af-05ef-49cd-b98b-061ff0cef020",
				"type": "text/javascript",
				"exec": [
					""
				]
			}
		}
	]
}